Player,Nation,Pos,Squad,MP,Starts,Min,Gls,Ast,G+A,Goal Contributions Per 90
Brenden Aaronson,us USA,"MF,FW",Leeds United,37,30,"2,449",4,5,9,0.330747244
Jerome Abbey,eng ENG,MF,Wolves,1,0,17,0,0,0,0
Zach Abbott,eng ENG,DF,Nottingham,3,2,164,0,0,0,0
Tammy Abraham,eng ENG,FW,Aston Villa,12,2,286,2,0,2,0.629370629
Joshua Acheampong,eng ENG,DF,Chelsea,17,8,666,1,0,1,0.135135135
Tyler Adams,us USA,MF,Bournemouth,25,21,"1,772",2,2,4,0.203160271
Tosin Adarabioyo,eng ENG,DF,Chelsea,16,8,795,0,0,0,0
Simon Adingra,ci CIV,"MF,FW",Sunderland,14,9,653,1,0,1,0.137825421
Amine Adli,ma MAR,MF,Bournemouth,31,10,"1,094",3,1,4,0.329067642
Emmanuel Agbadou,ci CIV,DF,Wolves,14,12,"1,101",0,0,0,0
Nayef Aguerd,ma MAR,DF,West Ham,2,2,180,0,0,0,0
Ola Aina,ng NGA,DF,Nottingham,18,18,"1,588",0,0,0,0
Rayan Aït-Nouri,dz ALG,DF,Manchester City,17,12,974,0,2,2,0.184804928
Kristoffer Ajer,no NOR,DF,Brentford,27,20,"1,810",0,1,1,0.049723757
Nathan Aké,nl NED,DF,Manchester City,18,6,695,0,0,0,0
Carlos Alcaraz,ar ARG,MF,Everton,20,6,689,0,1,1,0.130624093
Omar Alderete,py PAR,DF,Sunderland,33,32,"2,798",1,1,2,0.064331665
Alisson,br BRA,GK,Liverpool,26,26,"2,340",0,0,0,0
Max Alleyne,eng ENG,DF,Manchester City,2,2,135,0,0,0,0
Jaydon Amauri Banel,nl NED,"FW,MF",Burnley,1,0,10,0,0,0,0
Zeki Amdouni,ch SUI,"FW,MF",Burnley,4,0,73,0,0,0,0
Ethan Ampadu,wls WAL,MF,Leeds United,35,35,"3,119",1,1,2,0.057710805
Joachim Andersen,dk DEN,DF,Fulham,33,33,"2,875",0,1,1,0.031304348
Elliot Anderson,eng ENG,MF,Nottingham,38,37,"3,331",4,4,8,0.216151306
André,br BRA,MF,Wolves,35,30,"2,762",1,0,1,0.032585083
Nilson Angulo,ec ECU,MF,Sunderland,8,5,404,0,0,0,0
Jaidon Anthony,eng ENG,MF,Burnley,37,32,"2,722",8,2,10,0.330639236
Alphonse Areola,fr FRA,GK,West Ham,20,20,"1,800",0,1,1,0.05
Jhon Arias,co COL,"FW,MF",Wolves,23,14,"1,124",1,0,1,0.080071174
Adam Armstrong,eng ENG,"FW,MF",Wolves,14,14,"1,140",2,2,4,0.315789474
Harrison Armstrong,eng ENG,MF,Everton,13,6,529,0,0,0,0
Tolu Arokodare,ng NGA,FW,Wolves,33,13,"1,419",3,1,4,0.253699789
Kepa Arrizabalaga,es ESP,GK,Arsenal,1,1,90,0,0,0,0
Taiwo Awoniyi,ng NGA,FW,Nottingham,17,3,494,4,1,5,0.910931174
Yasin Ayari,se SWE,MF,Brighton,29,20,"1,929",3,3,6,0.279937792
Benoît Badiashile,fr FRA,DF,Chelsea,8,6,471,0,0,0,0
Leon Bailey,jm JAM,MF,Aston Villa,13,3,459,0,1,1,0.196078431
Dilane Bakwa,fr FRA,MF,Nottingham,14,6,553,0,2,2,0.325497288
Carlos Baleba,cm CMR,MF,Brighton,31,23,"1,652",0,0,0,0
Daniel Ballard,nir NIR,DF,Sunderland,29,24,"2,149",2,0,2,0.083759888
Ross Barkley,eng ENG,MF,Aston Villa,21,7,857,3,1,4,0.420070012
Ashley Barnes,eng ENG,"FW,MF",Burnley,7,0,46,0,0,0,0
Harvey Barnes,eng ENG,"FW,MF",Newcastle,37,19,"1,966",7,1,8,0.366225839
Thierno Barry,fr FRA,FW,Everton,38,21,"1,914",8,0,8,0.376175549
Calvin Bassey,ng NGA,DF,Fulham,30,28,"2,534",1,0,1,0.035516969
Altay Bayındır,tr TUR,GK,Manchester Utd,6,6,540,0,0,0,0
Jean-Ricner Bellegarde,ht HAI,"MF,FW",Wolves,26,15,"1,248",1,1,2,0.144230769
Walter Benítez,ar ARG,GK,Crystal Palace,1,1,90,0,0,0,0
Rodrigo Bentancur,uy URU,MF,Tottenham,26,23,"1,883",1,1,2,0.09559214
Daniel Bentley,eng ENG,GK,Wolves,3,3,270,0,0,0,0
Sander Berge,no NOR,MF,Fulham,35,34,"2,905",0,1,1,0.030981067
Lucas Bergvall,se SWE,MF,Tottenham,23,11,965,1,3,4,0.373056995
Beto,gw GNB,FW,Everton,37,17,"1,568",9,1,10,0.573979592
Jaka Bijol,si SVN,DF,Leeds United,25,21,"1,890",1,2,3,0.142857143
Yves Bissouma,ml MLI,MF,Tottenham,11,7,603,0,0,0,0
Marco Bizot,nl NED,GK,Aston Villa,7,6,585,0,0,0,0
Oscar Bobb,no NOR,"MF,FW",Manchester City,9,5,468,0,1,1,0.192307692
Oscar Bobb,no NOR,MF,Fulham,14,6,571,0,0,0,0
Lamare Bogarde,nl NED,"MF,DF",Aston Villa,28,11,"1,053",0,0,0,0
Jayden Bogle,eng ENG,"MF,DF",Leeds United,34,32,"2,793",1,2,3,0.096670247
Sebastiaan Bornauw,be BEL,DF,Leeds United,12,5,429,0,0,0,0
Olivier Boscagli,fr FRA,DF,Brighton,12,9,802,0,1,1,0.112219451
Sven Botman,nl NED,DF,Newcastle,25,21,"1,835",1,1,2,0.098092643
Jarrod Bowen,eng ENG,"MF,FW",West Ham,38,38,"3,403",9,11,20,0.528945048
Conor Bradley,nir NIR,DF,Liverpool,15,12,929,0,1,1,0.096878364
Jarrad Branthwaite,eng ENG,DF,Everton,10,7,680,1,0,1,0.132352941
Brian Brobbey,nl NED,FW,Sunderland,31,22,"1,927",7,1,8,0.373637779
Armando Broja,al ALB,FW,Burnley,24,8,860,1,1,2,0.209302326
David Brooks,wls WAL,MF,Bournemouth,31,13,"1,204",1,3,4,0.299003322
Jacob Bruun Larsen,dk DEN,"MF,FW",Burnley,28,10,"1,030",0,1,1,0.087378641
Emi Buendía,ar ARG,MF,Aston Villa,36,21,"1,755",6,2,8,0.41025641
Hugo Bueno,es ESP,"MF,DF",Wolves,35,26,"2,366",1,2,3,0.114116653
Santiago Bueno,uy URU,DF,Wolves,29,28,"2,553",3,1,4,0.141010576
Facundo Buonanotte,ar ARG,MF,Chelsea,1,1,45,0,0,0,0
Facundo Buonanotte,ar ARG,MF,Leeds United,3,0,39,0,0,0,0
Dan Burn,eng ENG,DF,Newcastle,29,25,"2,199",1,2,3,0.122783083
Bradley Burrowes,eng ENG,MF,Aston Villa,1,0,17,0,0,0,0
Jun'ai Byfield,eng ENG,DF,Tottenham,1,0,1,0,0,0,0
Sam Byram,eng ENG,"DF,MF",Leeds United,2,0,9,0,0,0,0
Moisés Caicedo,ec ECU,MF,Chelsea,33,32,"2,795",3,1,4,0.128801431
Tom Cairney,sct SCO,MF,Fulham,24,6,775,2,0,2,0.232258065
Riccardo Calafiori,it ITA,DF,Arsenal,26,22,"1,699",1,2,3,0.15891701
Dominic Calvert-Lewin,eng ENG,FW,Leeds United,35,30,"2,721",14,1,15,0.496141125
Jaydee Canvot,fr FRA,DF,Crystal Palace,20,14,"1,336",0,0,0,0
Rio Cardines,tt TRI,MF,Crystal Palace,1,1,90,0,0,0,0
Fabio Carvalho,pt POR,MF,Brentford,6,1,102,1,0,1,0.882352941
Casemiro,br BRA,MF,Manchester Utd,34,33,"2,571",9,2,11,0.385064177
Matty Cash,pl POL,DF,Aston Villa,35,34,"3,014",3,3,6,0.179163902
Timothy Castagne,be BEL,"DF,MF",Fulham,30,20,"1,845",0,0,0,0
Valentín Castellanos,ar ARG,FW,West Ham,18,17,"1,384",6,0,6,0.39017341
Trevoh Chalobah,eng ENG,DF,Chelsea,34,31,"2,783",3,0,3,0.097017607
Rayan Cherki,fr FRA,MF,Manchester City,33,19,"1,786",4,12,16,0.806270997
Federico Chiesa,it ITA,MF,Liverpool,26,1,339,2,1,3,0.796460177
Tawanda Chirewa,zw ZIM,MF,Wolves,2,0,27,0,0,0,0
Ryan Christie,sct SCO,MF,Bournemouth,26,9,994,2,0,2,0.181086519
Samuel Chukwueze,ng NGA,MF,Fulham,23,10,"1,079",3,4,7,0.583873957
Dennis Cirkin,lv LVA,DF,Sunderland,8,3,323,0,0,0,0
Nathaniel Clyne,eng ENG,"MF,DF",Crystal Palace,10,7,594,0,1,1,0.151515152
Séamus Coleman,ie IRL,DF,Everton,5,1,21,0,0,0,0
Nathan Collins,ie IRL,DF,Brentford,35,32,"2,975",1,2,3,0.090756303
Levi Colwill,eng ENG,DF,Chelsea,3,2,225,0,0,0,0
Lewis Cook,eng ENG,"MF,DF",Bournemouth,18,8,874,0,1,1,0.102974828
Diego Coppola,it ITA,DF,Brighton,5,2,194,0,0,0,0
Marc Cucurella,es ESP,DF,Chelsea,34,31,"2,707",1,4,5,0.166235685
Jorge Cuenca,es ESP,DF,Fulham,15,11,938,0,0,0,0
Josh Cullen,ie IRL,MF,Burnley,18,18,"1,514",2,2,4,0.237780713
Jair Cunha,br BRA,DF,Nottingham,9,6,517,0,0,0,0
Matheus Cunha,br BRA,"MF,FW",Manchester Utd,33,29,"2,494",10,2,12,0.433039294
Diogo Dalot,pt POR,"DF,MF",Manchester Utd,34,29,"2,614",1,3,4,0.137719969
Mikkel Damsgaard,dk DEN,MF,Brentford,33,24,"2,054",4,4,8,0.35053554
Kevin Danso,at AUT,DF,Tottenham,24,17,"1,494",0,0,0,0
Karl Darlow,wls WAL,GK,Leeds United,22,22,"1,980",0,0,0,0
Josh Dasilva,eng ENG,MF,Brentford,2,0,3,0,0,0,0
Ben Davies,wls WAL,DF,Tottenham,3,2,137,1,0,1,0.656934307
Maxim De Cuyper,be BEL,"DF,MF",Brighton,30,17,"1,414",2,3,5,0.31824611
Liam Delap,eng ENG,FW,Chelsea,28,12,"1,107",1,0,1,0.081300813
Sepp van den Berg,nl NED,DF,Brentford,32,30,"2,763",0,2,2,0.06514658
Jesse Derry,eng ENG,MF,Chelsea,1,1,44,0,0,0,0
Justin Devenny,nir NIR,"MF,FW",Crystal Palace,21,7,796,1,0,1,0.113065327
Kiernan Dewsbury-Hall,eng ENG,MF,Everton,31,30,"2,626",8,4,12,0.411271896
Bafodé Diakité,fr FRA,DF,Bournemouth,18,15,"1,277",0,0,0,0
Amad Diallo,ci CIV,MF,Manchester Utd,32,27,"2,341",2,3,5,0.192225545
Habib Diarra,sn SEN,MF,Sunderland,20,15,"1,405",2,2,4,0.256227758
Rúben Dias,pt POR,DF,Manchester City,26,24,"2,141",2,0,2,0.084072863
Tyler Dibling,eng ENG,MF,Everton,14,4,358,0,0,0,0
Lucas Digne,fr FRA,DF,Aston Villa,31,21,"1,852",0,6,6,0.291576674
Issa Diop,ma MAR,DF,Fulham,13,8,816,1,0,1,0.110294118
El Hadji Malick Diouf,sn SEN,"DF,MF",West Ham,32,30,"2,707",0,5,5,0.166235685
Axel Disasi,fr FRA,DF,West Ham,14,14,"1,254",0,0,0,0
Matt Doherty,ie IRL,"DF,MF",Wolves,11,11,787,0,0,0,0
Jeremy Doku,be BEL,"MF,FW",Manchester City,30,19,"1,784",5,5,10,0.504484305
Nicolás Domínguez,ar ARG,MF,Nottingham,27,17,"1,175",1,1,2,0.153191489
Gianluigi Donnarumma,it ITA,GK,Manchester City,34,34,"3,060",0,0,0,0
Romelle Donovan,eng ENG,FW,Brentford,4,0,41,0,0,0,0
Patrick Dorgu,dk DEN,MF,Manchester Utd,26,15,"1,449",4,4,8,0.49689441
Max Dowman,eng ENG,MF,Arsenal,6,1,157,1,0,1,0.573248408
Radu Drăgușin,ro ROU,DF,Tottenham,10,5,517,0,0,0,0
Joél Drakes-Thomas,eng ENG,MF,Crystal Palace,2,0,9,0,0,0,0
Martin Dúbravka,sk SVK,GK,Burnley,35,35,"3,150",0,0,0,0
Lewis Dunk,eng ENG,DF,Brighton,33,31,"2,838",1,0,1,0.031712474
George Earthy,eng ENG,MF,West Ham,1,0,9,0,0,0,0
Odsonne Édouard,fr FRA,FW,Crystal Palace,1,0,3,0,0,0,0
Tom Edozie,eng ENG,MF,Wolves,3,0,14,1,0,1,6.428571429
Alysson Edward,br BRA,MF,Aston Villa,3,0,49,0,0,0,0
Marcus Edwards,eng ENG,"MF,FW",Burnley,23,11,"1,067",1,3,4,0.337394564
Hjalmar Ekdal,se SWE,DF,Burnley,19,17,"1,539",0,0,0,0
Hugo Ekitike,fr FRA,FW,Liverpool,28,21,"1,803",11,4,15,0.74875208
Anthony Elanga,se SWE,"FW,MF",Newcastle,32,14,"1,319",0,1,1,0.06823351
Melker Ellborg,se SWE,GK,Sunderland,3,3,270,0,0,0,0
Harvey Elliott,eng ENG,MF,Aston Villa,4,1,112,0,0,0,0
Harvey Elliott,eng ENG,"FW,MF",Liverpool,1,0,1,0,0,0,0
Wataru Endo,jp JPN,DF,Liverpool,8,1,175,0,1,1,0.514285714
Romain Esse,eng ENG,MF,Crystal Palace,4,0,44,0,0,0,0
Dario Essugo,pt POR,MF,Chelsea,3,0,30,0,0,0,0
Maxime Estève,fr FRA,DF,Burnley,34,34,"2,932",0,0,0,0
Evanilson,br BRA,FW,Bournemouth,36,32,"2,742",6,1,7,0.2297593
Eberechi Eze,eng ENG,MF,Crystal Palace,1,1,83,0,0,0,0
Eberechi Eze,eng ENG,"MF,FW",Arsenal,32,21,"1,812",7,2,9,0.447019868
Bruno Fernandes,pt POR,MF,Manchester Utd,35,35,"3,063",9,21,30,0.881488737
Mateus Fernandes,pt POR,MF,West Ham,36,35,"3,016",3,4,7,0.208885942
Enzo Fernández,ar ARG,MF,Chelsea,36,35,"3,115",10,4,14,0.404494382
Zian Flemming,nl NED,FW,Burnley,29,21,"1,769",11,0,11,0.559638214
Jack Fletcher,eng ENG,MF,Manchester Utd,3,0,108,0,0,0,0
Tyler Fletcher,sct SCO,MF,Manchester Utd,2,0,18,0,0,0,0
Phil Foden,eng ENG,MF,Manchester City,33,23,"2,086",7,5,12,0.517737296
Wesley Fofana,fr FRA,DF,Chelsea,25,20,"1,722",0,1,1,0.052264808
Lyle Foster,za RSA,"FW,MF",Burnley,26,15,"1,371",3,2,5,0.328227571
Tyler Fredricson,eng ENG,DF,Manchester Utd,1,0,3,0,0,0,0
Jeremie Frimpong,nl NED,"DF,MF",Liverpool,21,12,"1,040",0,1,1,0.086538462
Niclas Füllkrug,de GER,FW,West Ham,8,5,409,0,0,0,0
Kaye Furo,be BEL,FW,Brentford,1,0,1,0,0,0,0
Cody Gakpo,nl NED,"MF,FW",Liverpool,36,32,"2,737",7,5,12,0.39459262
Conor Gallagher,eng ENG,MF,Tottenham,16,14,"1,184",1,1,2,0.152027027
Ben Gannon-Doak,sct SCO,MF,Bournemouth,8,0,113,0,1,1,0.796460177
Andrés García,es ESP,DF,Aston Villa,6,1,86,0,0,0,0
Alejandro Garnacho,ar ARG,MF,Chelsea,24,14,"1,268",1,4,5,0.35488959
James Garner,eng ENG,"MF,DF",Everton,38,38,"3,413",2,7,9,0.237327864
Lutsharel Geertruida,nl NED,"DF,MF",Sunderland,28,17,"1,693",0,0,0,0
Tyrique George,eng ENG,FW,Chelsea,4,0,145,0,0,0,0
Tyrique George,eng ENG,MF,Everton,11,1,218,0,0,0,0
Morgan Gibbs-White,eng ENG,MF,Nottingham,37,35,"3,097",15,4,19,0.552147239
Jamie Gittens,eng ENG,MF,Chelsea,16,5,495,0,2,2,0.363636364
Wilfried Gnonto,it ITA,FW,Leeds United,23,4,537,0,1,1,0.167597765
Angel Gomes,eng ENG,"MF,FW",Wolves,12,7,461,0,0,0,0
João Gomes,br BRA,MF,Wolves,35,32,"2,829",1,1,2,0.063626723
Rodrigo Gomes,pt POR,"MF,FW",Wolves,22,9,960,3,0,3,0.28125
Toti Gomes,pt POR,DF,Wolves,19,17,"1,424",0,0,0,0
Diego Gómez,py PAR,"MF,FW",Brighton,32,26,"2,120",5,1,6,0.254716981
Joe Gomez,eng ENG,DF,Liverpool,21,7,607,0,2,2,0.296540362
Nicolás González,es ESP,MF,Manchester City,25,17,"1,569",1,0,1,0.057361377
Anthony Gordon,eng ENG,FW,Newcastle,26,24,"1,795",6,2,8,0.401114206
Ryan Gravenberch,nl NED,MF,Liverpool,36,34,"2,992",5,3,8,0.240641711
Archie Gray,eng ENG,"MF,DF",Tottenham,24,18,"1,478",2,2,4,0.243572395
Jack Grealish,eng ENG,MF,Everton,20,18,"1,627",2,6,8,0.442532268
Pascal Groß,de GER,MF,Brighton,19,18,"1,636",1,3,4,0.2200489
Brajan Gruda,de GER,MF,Brighton,18,8,719,1,1,2,0.250347705
Ilia Gruev,bg BUL,MF,Leeds United,23,15,"1,323",0,3,3,0.204081633
Gabriel Gudmundsson,se SWE,"DF,MF",Leeds United,32,31,"2,631",0,0,0,0
Marc Guéhi,eng ENG,DF,Crystal Palace,20,20,"1,800",2,2,4,0.2
Marc Guéhi,eng ENG,DF,Manchester City,15,15,"1,350",1,1,2,0.133333333
Evann Guessand,ci CIV,MF,Aston Villa,13,6,588,0,1,1,0.153061224
Evann Guessand,ci CIV,MF,Crystal Palace,8,3,330,1,1,2,0.545454545
Idrissa Gueye,sn SEN,MF,Everton,25,25,"2,093",2,3,5,0.215002389
Luis Guilherme,br BRA,FW,West Ham,5,1,125,0,0,0,0
Bruno Guimarães,br BRA,MF,Newcastle,29,27,"2,453",9,5,14,0.513656747
Marc Guiu,es ESP,FW,Sunderland,2,0,15,0,0,0,0
Marc Guiu,es ESP,FW,Chelsea,8,1,257,0,1,1,0.350194553
Angus Gunn,sct SCO,GK,Nottingham,1,0,45,0,0,0,0
Malo Gusto,fr FRA,"DF,MF",Chelsea,34,26,"2,261",2,3,5,0.199026979
Joško Gvardiol,hr CRO,DF,Manchester City,18,16,"1,372",2,2,4,0.262390671
Viktor Gyökeres,se SWE,FW,Arsenal,36,26,"2,224",14,1,15,0.607014388
Erling Haaland,no NOR,FW,Manchester City,35,34,"2,953",27,8,35,1.066711818
Lewis Hall,eng ENG,DF,Newcastle,30,24,"2,181",1,1,2,0.082530949
Jack Harrison,eng ENG,FW,Leeds United,11,1,269,0,0,0,0
Quilindschy Hartman,nl NED,DF,Burnley,21,21,"1,825",0,5,5,0.246575342
Jorrel Hato,nl NED,DF,Chelsea,22,12,"1,148",0,0,0,0
Kai Havertz,de GER,"FW,MF",Arsenal,12,7,581,2,3,5,0.774526678
Ayden Heaven,eng ENG,DF,Manchester Utd,17,11,924,0,1,1,0.097402597
Jan Paul van Hecke,nl NED,DF,Brighton,36,36,"3,210",3,3,6,0.168224299
Hwang Hee-chan,kr KOR,"FW,MF",Wolves,26,18,"1,446",2,2,4,0.248962656
George Hemmings,eng ENG,MF,Aston Villa,2,0,27,0,0,0,0
Dean Henderson,eng ENG,GK,Crystal Palace,37,37,"3,330",0,0,0,0
Jordan Henderson,eng ENG,MF,Brentford,32,22,"1,919",1,3,4,0.187597707
Rico Henry,jm JAM,DF,Brentford,25,14,"1,328",0,1,1,0.067771084
Mads Hermansen,dk DEN,GK,West Ham,18,18,"1,620",0,1,1,0.055555556
Aaron Hickey,sct SCO,"DF,MF",Brentford,21,8,691,0,0,0,0
James Hill,eng ENG,DF,Bournemouth,29,22,"2,106",0,3,3,0.128205128
Piero Hincapié,ec ECU,DF,Arsenal,25,20,"1,792",1,2,3,0.150669643
Jack Hinshelwood,eng ENG,MF,Brighton,27,20,"1,741",4,3,7,0.361860999
Ki-Jana Hoever,nl NED,"MF,DF",Wolves,8,6,425,0,0,0,0
Harry Howell,eng ENG,MF,Brighton,3,1,94,0,0,0,0
Callum Hudson-Odoi,eng ENG,MF,Nottingham,30,21,"1,841",3,4,7,0.342205323
Will Hughes,eng ENG,MF,Crystal Palace,31,19,"1,571",0,0,0,0
Trai Hume,nir NIR,"DF,MF",Sunderland,38,34,"3,036",2,1,3,0.088932806
Bashir Humphreys,eng ENG,"DF,MF",Burnley,20,17,"1,578",0,0,0,0
Omari Hutchinson,eng ENG,MF,Nottingham,31,17,"1,688",1,5,6,0.319905213
Igor,br BRA,DF,West Ham,4,1,105,0,0,0,0
Tim Iroegbunam,eng ENG,MF,Everton,29,17,"1,487",0,2,2,0.121049092
Andy Irving,sct SCO,MF,West Ham,7,2,158,0,0,0,0
Alexander Isak,se SWE,FW,Liverpool,14,8,699,3,1,4,0.515021459
Wilson Isidor,ht HAI,FW,Sunderland,32,11,"1,165",6,0,6,0.463519313
Alex Iwobi,ng NGA,MF,Fulham,29,29,"2,419",4,3,7,0.260438198
Daniel James,wls WAL,"FW,MF",Leeds United,19,6,559,0,0,0,0
Reece James,eng ENG,"DF,MF",Chelsea,29,20,"1,963",2,4,6,0.275089149
Vitaly Janelt,de GER,MF,Brentford,25,15,"1,443",1,4,5,0.311850312
Mathias Jensen,dk DEN,MF,Brentford,36,26,"2,247",3,1,4,0.160213618
Gabriel Jesus,br BRA,FW,Arsenal,14,3,429,3,0,3,0.629370629
Igor Jesus,br BRA,FW,Nottingham,37,28,"2,298",6,4,10,0.391644909
Álex Jiménez,es ESP,"DF,MF",Bournemouth,31,26,"2,317",1,0,1,0.038843332
Raúl Jiménez,mx MEX,FW,Fulham,36,27,"2,189",9,3,12,0.493375971
Jamaldeen Jimoh,eng ENG,MF,Aston Villa,1,0,9,0,0,0,0
João Pedro,br BRA,"FW,MF",Chelsea,35,31,"2,661",15,5,20,0.67643743
Joelinton,br BRA,MF,Newcastle,27,23,"1,951",2,1,3,0.138390569
John,br BRA,GK,Nottingham,5,5,437,0,0,0,0
Brennan Johnson,wls WAL,"MF,FW",Tottenham,16,6,610,2,0,2,0.295081967
Brennan Johnson,wls WAL,"MF,FW",Crystal Palace,18,13,"1,112",0,1,1,0.080935252
Sam Johnstone,eng ENG,GK,Wolves,12,12,"1,080",0,0,0,0
Curtis Jones,eng ENG,"MF,DF",Liverpool,34,18,"1,937",1,2,3,0.139390811
Eli Junior Kroupi,fr FRA,"MF,FW",Bournemouth,33,21,"1,672",13,0,13,0.699760766
Hamed Junior Traorè,ci CIV,MF,Bournemouth,1,0,17,0,1,1,5.294117647
James Justin,eng ENG,"DF,MF",Leeds United,29,21,"1,901",2,1,3,0.14203051
Filip Jørgensen,dk DEN,GK,Chelsea,5,3,379,0,0,0,0
Ferdi Kadioglu,tr TUR,"DF,MF",Brighton,37,34,"3,133",1,0,1,0.02872646
Saša Kalajdžić,at AUT,"FW,MF",Wolves,1,0,15,0,0,0,0
Arnaud Kalimuendo,fr FRA,FW,Nottingham,9,0,96,0,0,0,0
Daichi Kamada,jp JPN,MF,Crystal Palace,28,22,"1,902",0,0,0,0
Boubacar Kamara,fr FRA,MF,Aston Villa,18,17,"1,411",1,3,4,0.2551382
Mohamadou Kanté,fr FRA,MF,West Ham,11,0,75,0,0,0,0
Michael Kayode,it ITA,DF,Brentford,37,37,"3,258",1,1,2,0.055248619
Michael Keane,eng ENG,DF,Everton,33,29,"2,591",3,1,4,0.138942493
Caoimhín Kelleher,ie IRL,GK,Brentford,37,37,"3,330",0,0,0,0
Milos Kerkez,hu HUN,DF,Liverpool,34,27,"2,257",2,1,3,0.119627825
Kevin,br BRA,MF,Fulham,26,9,"1,041",1,1,2,0.172910663
Abdukodir Khusanov,uz UZB,DF,Manchester City,21,15,"1,432",0,0,0,0
Max Kilman,eng ENG,DF,West Ham,21,17,"1,561",0,0,0,0
Joshua King,eng ENG,MF,Fulham,32,15,"1,308",1,2,3,0.206422018
Antonín Kinský,cz CZE,GK,Tottenham,7,7,630,0,0,0,0
Justin Kluivert,nl NED,MF,Bournemouth,20,10,952,2,0,2,0.18907563
Joe Knight,eng ENG,MF,Brighton,1,0,1,0,0,0,0
Randal Kolo Muani,fr FRA,"FW,MF",Tottenham,30,21,"1,664",1,1,2,0.108173077
Ibrahima Konaté,fr FRA,DF,Liverpool,36,36,"3,090",1,0,1,0.029126214
Ezri Konsa,eng ENG,DF,Aston Villa,34,34,"3,035",0,0,0,0
Charalampos Kostoulas,gr GRE,FW,Brighton,21,2,369,2,1,3,0.731707317
Mateo Kovačić,hr CRO,MF,Manchester City,6,1,130,0,1,1,0.692307692
Emil Krafth,se SWE,DF,Newcastle,1,1,45,0,0,0,0
Ladislav Krejčí,cz CZE,"DF,MF",Wolves,28,27,"2,356",2,1,3,0.114601019
Mohammed Kudus,gh GHA,"MF,FW",Tottenham,19,19,"1,535",2,5,7,0.410423453
Jonah Kusi-Asare,se SWE,FW,Fulham,7,0,55,0,0,0,0
Shea Lacey,eng ENG,FW,Manchester Utd,3,0,43,0,0,0,0
Maxence Lacroix,fr FRA,DF,Crystal Palace,35,35,"3,085",1,2,3,0.087520259
Senne Lammens,be BEL,GK,Manchester Utd,32,32,"2,880",0,0,0,0
Jamaal Lascelles,eng ENG,DF,Newcastle,2,0,21,0,0,0,0
Josh Laurent,eng ENG,"DF,MF",Burnley,33,18,"1,764",1,0,1,0.051020408
Roméo Lavia,be BEL,MF,Chelsea,12,4,382,0,0,0,0
Enzo Le Fée,fr FRA,"MF,FW",Sunderland,36,33,"2,930",5,6,11,0.337883959
Bernd Leno,de GER,GK,Fulham,38,38,"3,420",0,0,0,0
Jefferson Lerma,co COL,"MF,DF",Crystal Palace,31,18,"1,733",0,2,2,0.103866128
Rico Lewis,eng ENG,DF,Manchester City,11,4,407,0,1,1,0.221130221
Keane Lewis-Potter,eng ENG,"DF,MF",Brentford,36,22,"1,972",3,3,6,0.273833671
Myles Lewis-Skelly,eng ENG,"MF,DF",Arsenal,20,5,709,0,0,0,0
Matthijs de Ligt,nl NED,DF,Manchester Utd,13,13,"1,170",1,0,1,0.076923077
Pedro Lima,br BRA,MF,Wolves,9,3,260,0,0,0,0
Victor Lindelöf,se SWE,"DF,MF",Aston Villa,17,11,948,0,1,1,0.094936709
Tino Livramento,eng ENG,DF,Newcastle,17,14,"1,328",0,1,1,0.067771084
Sean Longstaff,eng ENG,MF,Leeds United,23,10,"1,011",2,2,4,0.356083086
Fer López,es ESP,MF,Wolves,9,2,235,0,1,1,0.382978723
Lucas,br BRA,"MF,DF",Burnley,20,15,"1,409",0,0,0,0
Lorenzo Lucca,it ITA,FW,Nottingham,4,1,129,1,0,1,0.697674419
Florentino Luís,pt POR,MF,Burnley,31,25,"2,105",0,2,2,0.085510689
Douglas Luiz,br BRA,MF,Aston Villa,13,7,604,1,0,1,0.149006623
Douglas Luiz,br BRA,MF,Nottingham,8,5,315,0,0,0,0
Saša Lukić,rs SRB,MF,Fulham,26,20,"1,734",1,2,3,0.155709343
Ian Maatsen,nl NED,DF,Aston Villa,30,17,"1,605",0,1,1,0.056074766
Alexis Mac Allister,ar ARG,MF,Liverpool,37,31,"2,658",2,4,6,0.203160271
James Maddison,eng ENG,"FW,MF",Tottenham,3,0,37,0,0,0,0
Noni Madueke,eng ENG,"FW,MF",Arsenal,26,16,"1,211",3,1,4,0.297274979
Gabriel Magalhães,br BRA,DF,Arsenal,32,30,"2,751",3,4,7,0.229007634
Soungoutou Magassa,fr FRA,MF,West Ham,22,11,981,1,0,1,0.091743119
Harry Maguire,eng ENG,DF,Manchester Utd,23,19,"1,653",1,2,3,0.163339383
Kobbie Mainoo,eng ENG,MF,Manchester Utd,28,16,"1,662",1,2,3,0.162454874
Tyrell Malacia,nl NED,DF,Manchester Utd,3,0,18,0,0,0,0
Donyell Malen,nl NED,"FW,MF",Aston Villa,21,5,656,4,1,5,0.68597561
Giorgi Mamardashvili,ge GEO,GK,Liverpool,10,10,867,0,0,0,0
Reinildo Mandava,mz MOZ,DF,Sunderland,25,23,"1,966",0,1,1,0.04577823
Mateus Mane,pt POR,MF,Wolves,27,19,"1,795",3,1,4,0.200557103
Bendito Mantato,eng ENG,MF,Manchester Utd,1,0,16,0,0,0,0
Solly March,eng ENG,MF,Brighton,4,0,41,0,0,0,0
Omar Marmoush,eg EGY,"FW,MF",Manchester City,21,8,700,3,3,6,0.771428571
Callum Marshall,nir NIR,FW,West Ham,2,0,60,0,0,0,0
Gabriel Martinelli,br BRA,"FW,MF",Arsenal,30,11,"1,081",1,4,5,0.416281221
Emiliano Martínez,ar ARG,GK,Aston Villa,32,32,"2,835",0,1,1,0.031746032
Lisandro Martínez,ar ARG,DF,Manchester Utd,18,13,"1,233",0,0,0,0
Arthur Masuaku,cd COD,DF,Sunderland,3,2,126,0,0,0,0
Pape Matar Sarr,sn SEN,MF,Tottenham,26,13,"1,398",2,4,6,0.386266094
Jean-Philippe Mateta,fr FRA,FW,Crystal Palace,32,25,"2,218",12,0,12,0.486925158
Konstantinos Mavropanos,gr GRE,DF,West Ham,31,27,"2,534",3,0,3,0.106550908
Eliezer Mayenda,es ESP,"FW,MF",Sunderland,20,8,759,2,0,2,0.23715415
Ezra Mayers,bb BRB,DF,West Ham,6,0,117,0,0,0,0
Noussair Mazraoui,ma MAR,"DF,MF",Manchester Utd,20,11,985,0,0,0,0
Bryan Mbeumo,cm CMR,"MF,FW",Manchester Utd,33,31,"2,609",11,3,14,0.482943657
James Mcatee,eng ENG,MF,Nottingham,14,2,298,0,1,1,0.302013423
John McGinn,sct SCO,MF,Aston Villa,30,28,"2,137",5,4,9,0.379036032
Dwight McNeil,eng ENG,MF,Everton,22,14,"1,168",0,1,1,0.077054795
Hannibal Mejbri,tn TUN,MF,Burnley,27,15,"1,229",1,4,5,0.366151343
Mikel Merino,es ESP,"MF,FW",Arsenal,22,10,"1,036",4,3,7,0.608108108
Shumaira Mheuka,eng ENG,FW,Chelsea,1,0,2,0,0,0,0
Antoni Milambo,nl NED,MF,Brentford,1,1,45,0,0,0,0
Nikola Milenković,rs SRB,DF,Nottingham,38,37,"3,375",0,0,0,0
Lewis Miley,eng ENG,"MF,DF",Newcastle,23,15,"1,496",1,4,5,0.300802139
James Milner,eng ENG,MF,Brighton,20,7,784,1,1,2,0.229591837
Veljko Milosavljević,rs SRB,DF,Bournemouth,7,4,368,0,0,0,0
Tyrone Mings,eng ENG,DF,Aston Villa,17,15,"1,324",0,0,0,0
Yankuba Minteh,gm GAM,MF,Brighton,34,26,"2,391",3,4,7,0.26348808
Tyrick Mitchell,eng ENG,MF,Crystal Palace,38,36,"3,251",1,2,3,0.083051369
Kaoru Mitoma,jp JPN,"MF,FW",Brighton,25,19,"1,721",3,1,4,0.209180709
Morato,br BRA,DF,Nottingham,21,14,"1,345",1,0,1,0.066914498
Cristhian Mosquera,es ESP,DF,Arsenal,20,9,994,0,0,0,0
Yerson Mosquera,co COL,DF,Wolves,27,24,"2,136",0,0,0,0
Mason Mount,eng ENG,MF,Manchester Utd,23,12,"1,017",3,0,3,0.265486726
Divine Mukasa,eng ENG,MF,Manchester City,2,0,27,0,0,0,0
Nordi Mukiele,fr FRA,DF,Sunderland,32,32,"2,784",3,3,6,0.193965517
Romaine Mundle,eng ENG,MF,Sunderland,14,2,411,0,0,0,0
Marshall Munetsi,zw ZIM,"MF,FW",Wolves,13,9,875,1,1,2,0.205714286
Rodrigo Muniz,br BRA,FW,Fulham,21,10,"1,000",1,1,2,0.18
Daniel Muñoz,co COL,MF,Crystal Palace,29,29,"2,399",4,3,7,0.262609421
Murillo,br BRA,DF,Nottingham,25,25,"2,130",1,0,1,0.042253521
Alex Murphy,ie IRL,DF,Newcastle,2,0,9,0,0,0,0
Jacob Murphy,eng ENG,"FW,MF",Newcastle,33,19,"1,617",3,2,5,0.278293135
Vitaliy Mykolenko,ua UKR,DF,Everton,33,33,"2,958",0,1,1,0.030425963
David Møller Wolfe,no NOR,"MF,DF",Wolves,22,11,"1,049",0,2,2,0.171591992
Iliman Ndiaye,sn SEN,MF,Everton,32,32,"2,778",6,3,9,0.291576674
Dan Ndoye,ch SUI,MF,Nottingham,24,14,"1,173",1,1,2,0.153452685
Sean Neave,eng ENG,FW,Newcastle,1,0,14,0,0,0,0
Dan Neil,eng ENG,MF,Sunderland,3,0,14,0,0,0,0
Reiss Nelson,eng ENG,"FW,MF",Brentford,10,0,126,0,1,1,0.714285714
Pedro Neto,pt POR,"MF,FW",Chelsea,34,30,"2,631",5,6,11,0.376282782
Luca Netz,de GER,"DF,MF",Nottingham,7,3,357,0,0,0,0
Rio Ngumoha,eng ENG,MF,Liverpool,19,5,560,2,1,3,0.482142857
Eddie Nketiah,eng ENG,MF,Crystal Palace,12,2,424,2,0,2,0.424528302
Lukas Nmecha,de GER,FW,Leeds United,31,10,"1,083",6,1,7,0.581717452
Matheus Nunes,pt POR,DF,Manchester City,34,32,"2,862",1,5,6,0.188679245
Ethan Nwaneri,eng ENG,MF,Arsenal,6,0,171,0,0,0,0
Trey Nyoni,eng ENG,MF,Liverpool,6,0,24,0,0,0,0
Christian Nørgaard,dk DEN,MF,Arsenal,7,1,106,0,0,0,0
Jake O'Brien,ie IRL,DF,Everton,37,35,"3,120",1,1,2,0.057692308
Luke O'Nien,eng ENG,DF,Sunderland,12,5,569,0,1,1,0.158172232
Nico O'Reilly,eng ENG,"DF,MF",Manchester City,34,29,"2,646",5,3,8,0.272108844
Matt O'Riley,dk DEN,MF,Brighton,6,2,204,1,0,1,0.441176471
Wilson Odobert,fr FRA,"MF,FW",Tottenham,24,10,985,0,2,2,0.182741117
Noah Okafor,ch SUI,"FW,MF",Leeds United,28,19,"1,561",8,1,9,0.518898142
Callum Olusesi,eng ENG,MF,Tottenham,1,0,15,0,0,0,0
Amadou Onana,be BEL,MF,Aston Villa,25,21,"1,758",2,0,2,0.102389078
Frank Onyeka,ng NGA,MF,Brentford,6,0,92,0,1,1,0.97826087
Nehemiah Oriola,eng ENG,MF,Brighton,1,0,1,0,0,0,0
Stefan Ortega,de GER,GK,Nottingham,3,3,270,0,0,0,0
William Osula,dk DEN,FW,Newcastle,24,8,819,7,0,7,0.769230769
Dango Ouattara,bf BFA,MF,Brentford,32,25,"2,276",7,3,10,0.39543058
Pablo,br BRA,"MF,FW",West Ham,14,10,823,0,1,1,0.109356015
João Palhinha,pt POR,MF,Tottenham,33,23,"2,198",5,2,7,0.286624204
Cole Palmer,eng ENG,MF,Chelsea,26,24,"1,955",10,1,11,0.506393862
Lucas Paquetá,br BRA,"MF,FW",West Ham,18,18,"1,511",4,1,5,0.297816016
Nathan Patterson,sct SCO,DF,Everton,7,3,241,0,0,0,0
Myles Peart-Harris,eng ENG,MF,Brentford,1,0,1,0,0,0,0
Lucas Perri,br BRA,GK,Leeds United,16,16,"1,440",0,0,0,0
Đorđe Petrović,rs SRB,GK,Bournemouth,38,38,"3,420",0,0,0,0
Jordan Pickford,eng ENG,GK,Everton,38,38,"3,420",0,0,0,0
Ethan Pinnock,jm JAM,DF,Brentford,4,4,318,0,0,0,0
Yéremy Pino,es ESP,"MF,FW",Crystal Palace,34,26,"2,080",2,2,4,0.173076923
Joël Piroe,sr SUR,FW,Leeds United,16,2,258,0,0,0,0
Nick Pope,eng ENG,GK,Newcastle,27,27,"2,416",0,0,0,0
Pedro Porro,es ESP,DF,Tottenham,34,32,"2,796",1,2,3,0.096566524
Freddie Potts,eng ENG,MF,West Ham,22,12,"1,171",0,1,1,0.076857387
Aaron Ramsdale,eng ENG,GK,Newcastle,12,11,"1,004",0,0,0,0
Jacob Ramsey,eng ENG,MF,Newcastle,28,15,"1,450",2,3,5,0.310344828
David Raya,es ESP,GK,Arsenal,37,37,"3,330",0,0,0,0
Rayan,br BRA,MF,Bournemouth,15,13,"1,111",5,2,7,0.567056706
Harrison Reed,eng ENG,MF,Fulham,7,1,94,1,0,1,0.957446809
Tijjani Reijnders,nl NED,MF,Manchester City,28,19,"1,631",5,2,7,0.386266094
Chadi Riad,ma MAR,DF,Crystal Palace,9,6,552,0,1,1,0.163043478
Declan Rice,eng ENG,MF,Arsenal,36,35,"3,094",4,5,9,0.261797027
Chris Richards,us USA,DF,Crystal Palace,33,31,"2,827",1,0,1,0.031835868
Richarlison,br BRA,"FW,MF",Tottenham,32,20,"1,964",11,4,15,0.687372709
Chris Rigg,eng ENG,MF,Sunderland,18,11,761,1,1,2,0.23653088
Patrick Roberts,eng ENG,"FW,MF",Sunderland,1,0,28,0,0,0,0
Andy Robertson,sct SCO,DF,Liverpool,24,11,"1,176",1,0,1,0.076530612
Antonee Robinson,us USA,"DF,MF",Fulham,22,17,"1,492",1,0,1,0.060321716
Kaden Rodney,eng ENG,"DF,MF",Crystal Palace,1,0,4,0,0,0,0
Joe Rodon,wls WAL,DF,Leeds United,35,33,"2,951",2,0,2,0.060996272
Rodri,es ESP,MF,Manchester City,21,17,"1,511",1,0,1,0.059563203
Guido Rodríguez,ar ARG,MF,West Ham,6,2,180,0,0,0,0
Robin Roefs,nl NED,GK,Sunderland,35,35,"3,150",0,0,0,0
Morgan Rogers,eng ENG,MF,Aston Villa,37,37,"3,280",10,6,16,0.43902439
Merlin Röhl,de GER,MF,Everton,16,6,682,1,0,1,0.131964809
Cristian Romero,ar ARG,DF,Tottenham,23,22,"1,868",4,1,5,0.240899358
James Rowswell,eng ENG,DF,Tottenham,1,0,1,0,0,0,0
Georginio Rutter,fr FRA,"MF,FW",Brighton,32,20,"1,786",3,3,6,0.302351624
José Sá,pt POR,GK,Wolves,23,23,"2,070",0,0,0,0
Noah Sadiki,cd COD,MF,Sunderland,33,33,"2,889",0,1,1,0.031152648
Bukayo Saka,eng ENG,"FW,MF",Arsenal,31,25,"2,222",7,5,12,0.486048605
Mohamed Salah,eg EGY,MF,Liverpool,27,23,"2,146",7,7,14,0.587138863
William Saliba,fr FRA,DF,Arsenal,31,30,"2,614",1,0,1,0.034429992
Robert Sánchez,es ESP,GK,Chelsea,35,35,"3,039",0,1,1,0.029615005
Jadon Sancho,eng ENG,MF,Aston Villa,23,9,876,0,2,2,0.205479452
Ibrahim Sangaré,ci CIV,MF,Nottingham,28,25,"2,075",2,2,4,0.173493976
Andrey Santos,br BRA,MF,Chelsea,27,13,"1,260",1,0,1,0.071428571
Ismaila Sarr,sn SEN,MF,Crystal Palace,28,24,"2,174",9,1,10,0.413983441
Mamadou Sarr,sn SEN,DF,Chelsea,3,1,102,0,0,0,0
Sávio,br BRA,MF,Manchester City,24,7,833,1,1,2,0.216086435
Nicolò Savona,it ITA,DF,Nottingham,14,11,"1,028",2,0,2,0.175097276
Oliver Scarles,eng ENG,"DF,MF",West Ham,13,9,659,0,0,0,0
Dane Scarlett,eng ENG,FW,Tottenham,2,0,9,0,0,0,0
Kevin Schade,de GER,"MF,FW",Brentford,35,32,"2,745",8,3,11,0.360655738
Fabian Schär,ch SUI,DF,Newcastle,16,11,"1,091",0,0,0,0
Alex Scott,eng ENG,MF,Bournemouth,37,34,"2,849",3,1,4,0.126360126
Jenson Seelt,nl NED,DF,Sunderland,2,1,134,0,0,0,0
Matz Sels,be BEL,GK,Nottingham,31,30,"2,668",0,0,0,0
Antoine Semenyo,gh GHA,"MF,FW",Manchester City,17,17,"1,397",7,1,8,0.515390122
Antoine Semenyo,gh GHA,MF,Bournemouth,20,20,"1,798",10,3,13,0.650723026
Marcos Senesi,ar ARG,DF,Bournemouth,37,37,"3,288",0,5,5,0.136861314
Benjamin Šeško,si SVN,FW,Manchester Utd,30,17,"1,643",11,1,12,0.657334145
Ryan Sessegnon,eng ENG,"DF,MF",Fulham,27,20,"1,823",3,1,4,0.197476687
Luke Shaw,eng ENG,DF,Manchester Utd,38,38,"3,219",1,1,2,0.055917987
Bernardo Silva,pt POR,MF,Manchester City,38,34,"2,872",2,4,6,0.188022284
Jota Silva,pt POR,FW,Nottingham,1,0,12,0,0,0,0
Xavi Simons,nl NED,"MF,FW",Tottenham,28,19,"1,755",2,5,7,0.358974359
Adam Smith,eng ENG,DF,Bournemouth,22,14,"1,077",0,2,2,0.167130919
Emile Smith Rowe,eng ENG,MF,Fulham,37,22,"1,923",3,0,3,0.140405616
Dominic Solanke,eng ENG,FW,Tottenham,15,11,"1,001",3,0,3,0.26973027
Julio Soler,ar ARG,DF,Bournemouth,3,0,35,0,0,0,0
Oliver Sonne,pe PER,DF,Burnley,7,1,169,1,0,1,0.532544379
Borna Sosa,hr CRO,"DF,MF",Crystal Palace,7,0,101,0,0,0,0
Tomáš Souček,cz CZE,MF,West Ham,35,24,"2,200",5,0,5,0.204545455
Souza,br BRA,MF,Tottenham,4,2,144,0,0,0,0
Djed Spence,eng ENG,"DF,MF",Tottenham,30,23,"2,056",0,0,0,0
Anton Stach,de GER,MF,Leeds United,29,28,"2,370",5,3,8,0.303797468
John Stones,eng ENG,DF,Manchester City,9,5,439,0,0,0,0
Jørgen Strand Larsen,no NOR,FW,Wolves,22,14,"1,404",1,1,2,0.128205128
Jørgen Strand Larsen,no NOR,FW,Crystal Palace,14,12,903,3,0,3,0.299003322
Pascal Struijk,nl NED,DF,Leeds United,34,33,"2,936",0,1,1,0.030653951
Crysencio Summerville,nl NED,"MF,FW",West Ham,31,29,"2,470",5,2,7,0.255060729
Dominik Szoboszlai,hu HUN,"MF,DF",Liverpool,36,36,"3,231",6,7,13,0.362116992
Jocelin Ta Bi,ci CIV,MF,Sunderland,1,1,38,0,0,0,0
Chemsdine Talbi,ma MAR,"MF,FW",Sunderland,28,16,"1,561",4,1,5,0.288276746
Ao Tanaka,jp JPN,MF,Leeds United,28,14,"1,315",2,0,2,0.136882129
James Tarkowski,eng ENG,DF,Everton,37,37,"3,330",2,3,5,0.135135135
Marcus Tavernier,eng ENG,MF,Bournemouth,34,31,"2,731",7,4,11,0.362504577
Loum Tchaouna,fr FRA,"MF,FW",Burnley,29,14,"1,272",2,1,3,0.212264151
Jackson Tchatchoua,cm CMR,"MF,DF",Wolves,31,19,"1,845",0,1,1,0.048780488
Mathys Tel,fr FRA,"MF,FW",Tottenham,31,13,"1,349",4,1,5,0.33358043
Kenny Tete,nl NED,DF,Fulham,22,21,"1,791",1,0,1,0.050251256
Igor Thiago,br BRA,FW,Brentford,38,37,"3,282",22,1,23,0.63071298
Malick Thiaw,de GER,DF,Newcastle,35,33,"2,965",4,0,4,0.121416526
Youri Tielemans,be BEL,MF,Aston Villa,25,21,"1,862",0,4,4,0.193340494
Jurriën Timber,nl NED,DF,Arsenal,30,28,"2,454",3,5,8,0.293398533
Jean-Clair Todibo,fr FRA,DF,West Ham,23,22,"1,814",0,1,1,0.049614112
Sandro Tonali,it ITA,MF,Newcastle,35,31,"2,534",0,2,2,0.071033938
Pau Torres,es ESP,DF,Aston Villa,21,18,"1,676",0,0,0,0
Alex Tóth,hu HUN,MF,Bournemouth,9,2,140,0,0,0,0
James Trafford,eng ENG,GK,Manchester City,4,4,360,0,0,0,0
James Trafford,eng ENG,GK,Manchester City,4,4,360,0,0,0,0
Adama Traoré,es ESP,"FW,MF",West Ham,9,0,121,0,0,0,0
Adama Traoré,es ESP,MF,Fulham,15,1,274,0,0,0,0
Bertrand Traoré,bf BFA,"MF,FW",Sunderland,12,9,632,1,0,1,0.142405063
Mike Trésor,be BEL,"FW,MF",Burnley,6,0,43,0,0,0,0
Kieran Trippier,eng ENG,DF,Newcastle,21,18,"1,586",0,1,1,0.056746532
Leandro Trossard,be BEL,"FW,MF",Arsenal,31,21,"2,000",6,6,12,0.54
Adrien Truffert,fr FRA,DF,Bournemouth,38,38,"3,379",1,5,6,0.159810595
Axel Tuanzebe,cd COD,DF,Burnley,14,14,"1,201",1,0,1,0.074937552
Stefanos Tzimas,gr GRE,FW,Brighton,9,1,139,1,1,2,1.294964029
Christantus Uche,ng NGA,FW,Crystal Palace,14,0,173,0,0,0,0
Destiny Udogie,it ITA,"DF,MF",Tottenham,20,14,"1,338",0,1,1,0.067264574
Manuel Ugarte,uy URU,MF,Manchester Utd,22,8,887,0,0,0,0
Lesley Ugochukwu,fr FRA,MF,Burnley,35,27,"2,336",3,1,4,0.154109589
Enes Ünal,tr TUR,FW,Bournemouth,23,0,232,1,0,1,0.387931034
Hákon Valdimarsson,is ISL,GK,Brentford,1,1,90,0,0,0,0
Virgil van Dijk,nl NED,DF,Liverpool,38,38,"3,420",6,0,6,0.157894737
Joël Veltman,nl NED,DF,Brighton,24,9,"1,058",1,0,1,0.085066163
Micky van de Ven,nl NED,DF,Tottenham,35,35,"3,041",4,1,5,0.147977639
Bart Verbruggen,nl NED,GK,Brighton,38,38,"3,420",0,0,0,0
Guglielmo Vicario,it ITA,GK,Tottenham,31,31,"2,790",0,0,0,0
Kyle Walker,eng ENG,"DF,MF",Burnley,36,35,"3,096",0,2,2,0.058139535
Kyle Walker-Peters,eng ENG,DF,West Ham,23,15,"1,383",1,0,1,0.065075922
Aaron Wan-Bissaka,cd COD,"DF,MF",West Ham,25,23,"2,081",0,2,2,0.086496877
James Ward-Prowse,eng ENG,MF,Burnley,13,7,684,0,1,1,0.131578947
James Ward-Prowse,eng ENG,MF,West Ham,5,5,413,0,0,0,0
Ollie Watkins,eng ENG,FW,Aston Villa,37,33,"2,839",16,3,19,0.602324762
Tom Watson,eng ENG,MF,Brighton,6,0,62,0,0,0,0
Max Weiß,de GER,GK,Burnley,3,3,270,0,0,0,0
Danny Welbeck,eng ENG,FW,Brighton,37,26,"2,258",13,1,14,0.558015943
Adam Wharton,eng ENG,MF,Crystal Palace,34,29,"2,552",1,5,6,0.211598746
Ben White,eng ENG,DF,Arsenal,12,9,702,0,1,1,0.128205128
Mats Wieffer,nl NED,DF,Brighton,26,23,"1,903",2,3,5,0.236468734
Neco Williams,wls WAL,DF,Nottingham,37,36,"3,204",2,3,5,0.140449438
Estêvão Willian,br BRA,MF,Chelsea,22,12,848,2,2,4,0.424528302
Joe Willock,eng ENG,MF,Newcastle,24,10,983,0,2,2,0.18311292
Callum Wilson,eng ENG,FW,West Ham,32,11,"1,251",7,1,8,0.575539568
Harry Wilson,wls WAL,MF,Fulham,36,32,"2,673",10,7,17,0.572390572
Ben Winterburn,eng ENG,MF,Bournemouth,1,0,7,0,0,0,0
Florian Wirtz,de GER,MF,Liverpool,33,27,"2,378",5,3,8,0.302775442
Yoane Wissa,cd COD,FW,Newcastle,19,4,531,1,1,2,0.338983051
Nick Woltemade,de GER,"FW,MF",Newcastle,33,24,"1,902",8,3,11,0.520504732
Chris Wood,nz NZL,FW,Nottingham,15,11,901,3,0,3,0.299667037
Freddie Woodman,eng ENG,GK,Liverpool,3,2,213,0,0,0,0
Joe Worrall,eng ENG,DF,Burnley,11,5,500,0,0,0,0
Granit Xhaka,ch SUI,MF,Sunderland,34,32,"2,904",1,6,7,0.216942149
Yehor Yarmoliuk,ua UKR,MF,Brentford,37,30,"2,659",1,2,3,0.101541933
Ryan Yates,eng ENG,MF,Nottingham,22,2,617,0,2,2,0.291734198
Leny Yoro,fr FRA,DF,Manchester Utd,32,18,"1,740",0,0,0,0
Oleksandr Zinchenko,ua UKR,DF,Nottingham,5,4,353,0,0,0,0
Joshua Zirkzee,nl NED,"FW,MF",Manchester Utd,24,5,626,2,1,3,0.431309904
Martín Zubimendi,es ESP,MF,Arsenal,38,34,"2,992",5,1,6,0.180481283
Martin Odegaard,no NOR,MF,Arsenal,24,16,"1,369",1,6,7,0.46018992
